file,status,located,ambiguous,unlocated,blocker
GameEngine/Source/GameClient/Snow.cpp,ok,0,3,17,
GameEngine/Source/GameClient/ParabolicEase.cpp,ok,0,1,2,
GameEngine/Source/Common/System/ObjectStatusTypes.cpp,ok,0,0,0,
GameEngine/Source/Common/Audio/AudioEventRTS.cpp,ok,0,1,37,
GameEngine/Source/Common/Audio/AudioRequest.cpp,ok,0,0,0,
GameEngine/Source/Common/Audio/DynamicAudioEventInfo.cpp,ok,0,5,30,
GameEngine/Source/Common/Audio/GameAudio.cpp,ok,5,27,136,
GameEngine/Source/Common/Audio/GameMusic.cpp,ok,0,1,4,
GameEngine/Source/Common/Audio/GameSounds.cpp,compile-error,0,0,0,C2383 'Display::DebugDisplayCallback' : default-arguments are not allowed on this symbol
GameEngine/Source/Common/Audio/GameSpeech.cpp,missing-header,0,0,0,wpaudio/attributes.h
GameEngine/Source/Common/Audio/simpleplayer.cpp,missing-header,0,0,0,wmsdk.h
GameEngine/Source/Common/Audio/urllaunch.cpp,compile-error,0,0,0,C2501 'HRESULT' : missing storage-class or type specifiers
GameEngine/Source/Common/Bezier/BezFwdIterator.cpp,missing-header,0,0,0,D3DX8Math.h
GameEngine/Source/Common/Bezier/BezierSegment.cpp,missing-header,0,0,0,D3DX8Math.h
GameEngine/Source/Common/BitFlags.cpp,ok,0,0,0,
GameEngine/Source/Common/CRCDebug.cpp,missing-header,0,0,0,netdb.h
GameEngine/Source/Common/CommandLine.cpp,compile-error,0,0,0,C2661 '_stat::_stat' : no overloaded function takes 2 arguments
GameEngine/Source/Common/DamageFX.cpp,ok,3,9,31,
GameEngine/Source/Common/Dict.cpp,ok,16,0,13,
GameEngine/Source/Common/DiscreteCircle.cpp,ok,0,7,10,
GameEngine/Source/Common/GameEngine.cpp,compile-error,0,0,0,C2065 'DIK_RSHIFT' : undeclared identifier
GameEngine/Source/Common/GameLOD.cpp,ok,1,1,44,
GameEngine/Source/Common/GameMain.cpp,ok,0,0,1,
GameEngine/Source/Common/GlobalData.cpp,missing-header,0,0,0,winsock2.h
GameEngine/Source/Common/INI/INIAiData.cpp,ok,0,0,0,
GameEngine/Source/Common/INI/INIAnimation.cpp,ok,0,0,3,
GameEngine/Source/Common/INI/INIAudioEventInfo.cpp,ok,0,3,27,
GameEngine/Source/Common/INI/INICommandButton.cpp,ok,0,0,2,
GameEngine/Source/Common/INI/INICommandSet.cpp,ok,0,0,0,
GameEngine/Source/Common/INI/INIControlBarScheme.cpp,ok,0,0,3,
GameEngine/Source/Common/INI/INICrate.cpp,ok,0,0,0,
GameEngine/Source/Common/INI/INIDamageFX.cpp,ok,0,0,0,
GameEngine/Source/Common/INI/INIDrawGroupInfo.cpp,ok,2,0,1,
GameEngine/Source/Common/INI/INIGameData.cpp,ok,0,0,0,
GameEngine/Source/Common/INI/INIMapCache.cpp,ok,2,15,68,
GameEngine/Source/Common/INI/INIMapData.cpp,ok,0,0,0,
GameEngine/Source/Common/INI/INIMappedImage.cpp,ok,0,0,6,
GameEngine/Source/Common/INI/INIMiscAudio.cpp,ok,0,0,0,
GameEngine/Source/Common/INI/INIModel.cpp,ok,0,0,0,
GameEngine/Source/Common/INI/INIMultiplayer.cpp,ok,2,0,7,
GameEngine/Source/Common/INI/INIObject.cpp,ok,0,0,3,
GameEngine/Source/Common/INI/INIParticleSys.cpp,ok,0,0,3,
GameEngine/Source/Common/INI/INISpecialPower.cpp,ok,0,0,0,
GameEngine/Source/Common/INI/INITerrain.cpp,ok,0,0,3,
GameEngine/Source/Common/INI/INITerrainBridge.cpp,ok,0,0,3,
GameEngine/Source/Common/INI/INITerrainRoad.cpp,ok,0,0,3,
GameEngine/Source/Common/INI/INIUpgrade.cpp,ok,0,0,0,
GameEngine/Source/Common/INI/INIVideo.cpp,ok,0,0,4,
GameEngine/Source/Common/INI/INIWater.cpp,ok,0,2,14,
GameEngine/Source/Common/INI/INIWeapon.cpp,ok,0,0,0,
GameEngine/Source/Common/INI/INIWebpageURL.cpp,missing-header,0,0,0,EABrowserDispatch/BrowserDispatch.h
GameEngine/Source/Common/Language.cpp,ok,0,0,0,
GameEngine/Source/Common/MessageStream.cpp,ok,14,4,23,
GameEngine/Source/Common/MiniLog.cpp,ok,0,0,0,
GameEngine/Source/Common/MultiplayerSettings.cpp,ok,4,18,45,
GameEngine/Source/Common/NameKeyGenerator.cpp,ok,3,2,11,
GameEngine/Source/Common/PartitionSolver.cpp,ok,0,18,20,
GameEngine/Source/Common/PerfTimer.cpp,compile-error,0,0,0,C2383 'Display::DebugDisplayCallback' : default-arguments are not allowed on this symbol
GameEngine/Source/Common/RTS/AcademyStats.cpp,ok,0,2,20,
GameEngine/Source/Common/RTS/ActionManager.cpp,compile-error,0,0,0,C2383 'Display::DebugDisplayCallback' : default-arguments are not allowed on this symbol
GameEngine/Source/Common/RTS/Energy.cpp,ok,0,0,11,
GameEngine/Source/Common/RTS/Handicap.cpp,ok,0,1,12,
GameEngine/Source/Common/RTS/MissionStats.cpp,ok,0,0,3,
GameEngine/Source/Common/RTS/Money.cpp,ok,0,0,3,
GameEngine/Source/Common/RTS/Player.cpp,compile-error,0,0,0,C2383 'Display::DebugDisplayCallback' : default-arguments are not allowed on this symbol
GameEngine/Source/Common/RTS/PlayerList.cpp,ok,1,1,20,
GameEngine/Source/Common/RTS/PlayerTemplate.cpp,ok,3,36,98,
GameEngine/Source/Common/RTS/ProductionPrerequisite.cpp,ok,3,14,32,
GameEngine/Source/Common/RTS/ResourceGatheringManager.cpp,compile-error,0,0,0,C2383 'Display::DebugDisplayCallback' : default-arguments are not allowed on this symbol
GameEngine/Source/Common/RTS/Science.cpp,ok,2,28,60,
GameEngine/Source/Common/RTS/ScoreKeeper.cpp,ok,0,13,43,
GameEngine/Source/Common/RTS/SpecialPower.cpp,ok,4,13,29,
GameEngine/Source/Common/RTS/Team.cpp,compile-error,0,0,0,C2383 'Display::DebugDisplayCallback' : default-arguments are not allowed on this symbol
GameEngine/Source/Common/RTS/TunnelTracker.cpp,compile-error,0,0,0,C2383 'Display::DebugDisplayCallback' : default-arguments are not allowed on this symbol
GameEngine/Source/Common/RandomValue.cpp,missing-header,0,0,0,winsock2.h
GameEngine/Source/Common/SkirmishBattleHonors.cpp,ok,0,1,34,
GameEngine/Source/Common/StateMachine.cpp,ok,1,10,48,
GameEngine/Source/Common/StatsCollector.cpp,missing-header,0,0,0,netdb.h
GameEngine/Source/Common/System/ArchiveFile.cpp,ok,0,19,88,
GameEngine/Source/Common/System/ArchiveFileSystem.cpp,ok,0,24,106,
GameEngine/Source/Common/System/AsciiString.cpp,ok,0,0,23,
GameEngine/Source/Common/System/BuildAssistant.cpp,compile-error,0,0,0,C2383 'Display::DebugDisplayCallback' : default-arguments are not allowed on this symbol
GameEngine/Source/Common/System/CDManager.cpp,ok,6,3,9,
GameEngine/Source/Common/System/Compression.cpp,missing-header,0,0,0,Compression.h
GameEngine/Source/Common/System/CopyProtection.cpp,compile-error,0,0,0,C2061 syntax error : identifier 'LPARAM'
GameEngine/Source/Common/System/CriticalSection.cpp,ok,0,0,0,
GameEngine/Source/Common/System/DataChunk.cpp,missing-header,0,0,0,Compression.h
GameEngine/Source/Common/System/Directory.cpp,ok,0,0,0,
GameEngine/Source/Common/System/DisabledTypes.cpp,ok,0,0,0,
GameEngine/Source/Common/System/File.cpp,ok,0,0,11,
GameEngine/Source/Common/System/FileSystem.cpp,ok,0,10,28,
GameEngine/Source/Common/System/FunctionLexicon.cpp,compile-error,0,0,0,C2065 'DIK_LSHIFT' : undeclared identifier
GameEngine/Source/Common/System/GameCommon.cpp,ok,0,0,1,
GameEngine/Source/Common/System/GameMemory.cpp,ok,0,1,53,
GameEngine/Source/Common/System/GameType.cpp,ok,0,0,0,
GameEngine/Source/Common/System/KindOf.cpp,ok,0,1,1,
GameEngine/Source/Common/System/LocalFile.cpp,ok,0,0,21,
GameEngine/Source/Common/System/LocalFileSystem.cpp,ok,0,0,0,
GameEngine/Source/Common/System/MemoryInit.cpp,ok,0,0,2,
GameEngine/Source/Common/System/QuickTrig.cpp,ok,0,0,0,
GameEngine/Source/Common/System/QuotedPrintable.cpp,ok,0,0,5,
GameEngine/Source/Common/System/RAMFile.cpp,ok,0,0,23,
GameEngine/Source/Common/System/Radar.cpp,compile-error,0,0,0,C2065 'DIK_RSHIFT' : undeclared identifier
GameEngine/Source/Common/System/SaveGame/GameState.cpp,compile-error,0,0,0,C2065 'DIK_RSHIFT' : undeclared identifier
GameEngine/Source/Common/System/SaveGame/GameStateMap.cpp,compile-error,0,0,0,"C3861 'GetCurrentDirectory': identifier not found, even with argument-dependent lookup"
GameEngine/Source/Common/System/StackDump.cpp,ok,0,0,0,
GameEngine/Source/Common/System/StreamingArchiveFile.cpp,ok,0,1,8,
GameEngine/Source/Common/System/String.cpp,ok,10,2,0,
GameEngine/Source/Common/System/SubsystemInterface.cpp,ok,1,7,17,
GameEngine/Source/Common/System/UnicodeString.cpp,ok,0,0,16,
GameEngine/Source/Common/System/Upgrade.cpp,ok,2,6,55,
GameEngine/Source/Common/System/XferCRC.cpp,missing-header,0,0,0,winsock2.h
GameEngine/Source/Common/System/XferLoad.cpp,ok,0,1,13,
GameEngine/Source/Common/System/XferSave.cpp,ok,0,1,16,
GameEngine/Source/Common/System/registry.cpp,compile-error,0,0,0,"C3861 'ERROR_SUCCESS': identifier not found, even with argument-dependent lookup"
GameEngine/Source/Common/TerrainTypes.cpp,ok,0,2,15,
GameEngine/Source/Common/Thing/DrawModule.cpp,ok,0,0,1,
GameEngine/Source/Common/Thing/Module.cpp,ok,1,4,34,
GameEngine/Source/Common/Thing/ModuleFactory.cpp,ok,16,200,679,
GameEngine/Source/Common/Thing/Thing.cpp,ok,7,9,23,
GameEngine/Source/Common/Thing/ThingFactory.cpp,compile-error,0,0,0,C2383 'Display::DebugDisplayCallback' : default-arguments are not allowed on this symbol
GameEngine/Source/Common/Thing/ThingTemplate.cpp,compile-error,0,0,0,C2383 'Display::DebugDisplayCallback' : default-arguments are not allowed on this symbol
GameEngine/Source/Common/UserPreferences.cpp,missing-header,0,0,0,GameSpy/Peer/Peer.h
GameEngine/Source/Common/version.cpp,ok,0,0,13,
GameEngine/Source/GameClient/Credits.cpp,compile-error,0,0,0,C2383 'Display::DebugDisplayCallback' : default-arguments are not allowed on this symbol
GameEngine/Source/GameClient/Display.cpp,compile-error,0,0,0,C2383 'Display::DebugDisplayCallback' : default-arguments are not allowed on this symbol
GameEngine/Source/GameClient/DisplayString.cpp,ok,0,1,8,
GameEngine/Source/GameClient/DisplayStringManager.cpp,ok,0,2,2,
GameEngine/Source/GameClient/DrawGroupInfo.cpp,ok,0,1,3,
GameEngine/Source/GameClient/Drawable/DrawableManager.cpp,ok,0,0,0,
GameEngine/Source/GameClient/Drawable/Update/AnimatedParticleSysBoneClientUpdate.cpp,ok,0,1,7,
GameEngine/Source/GameClient/Drawable/Update/BeaconClientUpdate.cpp,compile-error,0,0,0,C2383 'Display::DebugDisplayCallback' : default-arguments are not allowed on this symbol
GameEngine/Source/GameClient/Drawable/Update/SwayClientUpdate.cpp,ok,2,4,11,
GameEngine/Source/GameClient/Drawable.cpp,compile-error,0,0,0,C2383 'Display::DebugDisplayCallback' : default-arguments are not allowed on this symbol
GameEngine/Source/GameClient/DrawableManager.cpp,ok,0,0,0,
GameEngine/Source/GameClient/Eva.cpp,ok,0,22,70,
GameEngine/Source/GameClient/FXList.cpp,compile-error,0,0,0,C2383 'Display::DebugDisplayCallback' : default-arguments are not allowed on this symbol
GameEngine/Source/GameClient/GUI/AnimateWindowManager.cpp,compile-error,0,0,0,C2383 'Display::DebugDisplayCallback' : default-arguments are not allowed on this symbol
GameEngine/Source/GameClient/GUI/ChallengeGenerals.cpp,ok,0,1,10,
GameEngine/Source/GameClient/GUI/ControlBar/ControlBar.cpp,compile-error,0,0,0,C2065 'DIK_RSHIFT' : undeclared identifier
GameEngine/Source/GameClient/GUI/ControlBar/ControlBarBeacon.cpp,compile-error,0,0,0,C2065 'DIK_LSHIFT' : undeclared identifier
GameEngine/Source/GameClient/GUI/ControlBar/ControlBarCommand.cpp,compile-error,0,0,0,C2065 'DIK_LSHIFT' : undeclared identifier
GameEngine/Source/GameClient/GUI/ControlBar/ControlBarCommandProcessing.cpp,compile-error,0,0,0,C2065 'DIK_LSHIFT' : undeclared identifier
GameEngine/Source/GameClient/GUI/ControlBar/ControlBarMultiSelect.cpp,ok,0,1,7,
GameEngine/Source/GameClient/GUI/ControlBar/ControlBarOCLTimer.cpp,compile-error,0,0,0,C2065 'DIK_LSHIFT' : undeclared identifier
GameEngine/Source/GameClient/GUI/ControlBar/ControlBarObserver.cpp,compile-error,0,0,0,C2065 'DIK_LSHIFT' : undeclared identifier
GameEngine/Source/GameClient/GUI/ControlBar/ControlBarPrintPositions.cpp,compile-error,0,0,0,C2065 'DIK_LSHIFT' : undeclared identifier
GameEngine/Source/GameClient/GUI/ControlBar/ControlBarResizer.cpp,compile-error,0,0,0,C2065 'DIK_UPARROW' : undeclared identifier
GameEngine/Source/GameClient/GUI/ControlBar/ControlBarScheme.cpp,compile-error,0,0,0,C2065 'DIK_RSHIFT' : undeclared identifier
GameEngine/Source/GameClient/GUI/ControlBar/ControlBarStructureInventory.cpp,compile-error,0,0,0,C2065 'DIK_LSHIFT' : undeclared identifier
GameEngine/Source/GameClient/GUI/ControlBar/ControlBarUnderConstruction.cpp,compile-error,0,0,0,C2065 'DIK_LSHIFT' : undeclared identifier
GameEngine/Source/GameClient/GUI/DisconnectMenu/DisconnectMenu.cpp,missing-header,0,0,0,netdb.h
GameEngine/Source/GameClient/GUI/EstablishConnectionsMenu/EstablishConnectionsMenu.cpp,missing-header,0,0,0,netdb.h
GameEngine/Source/GameClient/GUI/GUICallbacks/ControlBarCallback.cpp,compile-error,0,0,0,C2065 'DIK_RSHIFT' : undeclared identifier
GameEngine/Source/GameClient/GUI/GUICallbacks/ControlBarPopupDescription.cpp,missing-header,0,0,0,netdb.h
GameEngine/Source/GameClient/GUI/GUICallbacks/Diplomacy.cpp,missing-header,0,0,0,netdb.h
GameEngine/Source/GameClient/GUI/GUICallbacks/ExtendedMessageBox.cpp,compile-error,0,0,0,C2065 'DIK_LSHIFT' : undeclared identifier
GameEngine/Source/GameClient/GUI/GUICallbacks/GeneralsExpPoints.cpp,compile-error,0,0,0,C2065 'DIK_LSHIFT' : undeclared identifier
GameEngine/Source/GameClient/GUI/GUICallbacks/IMECandidate.cpp,compile-error,0,0,0,C2065 'DIK_LSHIFT' : undeclared identifier
GameEngine/Source/GameClient/GUI/GUICallbacks/InGameChat.cpp,missing-header,0,0,0,netdb.h
GameEngine/Source/GameClient/GUI/GUICallbacks/InGamePopupMessage.cpp,compile-error,0,0,0,C2065 'DIK_RSHIFT' : undeclared identifier
GameEngine/Source/GameClient/GUI/GUICallbacks/Menus/ChallengeMenu.cpp,compile-error,0,0,0,C2065 'DIK_LSHIFT' : undeclared identifier
GameEngine/Source/GameClient/GUI/GUICallbacks/Menus/CreditsMenu.cpp,compile-error,0,0,0,C2065 'DIK_LSHIFT' : undeclared identifier
GameEngine/Source/GameClient/GUI/GUICallbacks/Menus/DifficultySelect.cpp,compile-error,0,0,0,C2065 'DIK_LSHIFT' : undeclared identifier
GameEngine/Source/GameClient/GUI/GUICallbacks/Menus/DisconnectWindow.cpp,compile-error,0,0,0,C2065 'DIK_LSHIFT' : undeclared identifier
GameEngine/Source/GameClient/GUI/GUICallbacks/Menus/DownloadMenu.cpp,missing-header,0,0,0,winsock.h
GameEngine/Source/GameClient/GUI/GUICallbacks/Menus/EstablishConnectionsWindow.cpp,missing-header,0,0,0,netdb.h
GameEngine/Source/GameClient/GUI/GUICallbacks/Menus/GameInfoWindow.cpp,missing-header,0,0,0,netdb.h
GameEngine/Source/GameClient/GUI/GUICallbacks/Menus/KeyboardOptionsMenu.cpp,missing-header,0,0,0,netdb.h
GameEngine/Source/GameClient/GUI/GUICallbacks/Menus/LanGameOptionsMenu.cpp,missing-header,0,0,0,netdb.h
GameEngine/Source/GameClient/GUI/GUICallbacks/Menus/LanLobbyMenu.cpp,missing-header,0,0,0,winsock2.h
GameEngine/Source/GameClient/GUI/GUICallbacks/Menus/LanMapSelectMenu.cpp,missing-header,0,0,0,netdb.h
GameEngine/Source/GameClient/GUI/GUICallbacks/Menus/MainMenu.cpp,missing-header,0,0,0,GameSpy/ghttp/ghttp.h
GameEngine/Source/GameClient/GUI/GUICallbacks/Menus/MapSelectMenu.cpp,compile-error,0,0,0,C2065 'DIK_LSHIFT' : undeclared identifier
GameEngine/Source/GameClient/GUI/GUICallbacks/Menus/NetworkDirectConnect.cpp,missing-header,0,0,0,GameSpy/peer/peer.h
GameEngine/Source/GameClient/GUI/GUICallbacks/Menus/OptionsMenu.cpp,missing-header,0,0,0,GameSpy/ghttp/ghttp.h
GameEngine/Source/GameClient/GUI/GUICallbacks/Menus/PopupCommunicator.cpp,compile-error,0,0,0,C2065 'DIK_LSHIFT' : undeclared identifier
GameEngine/Source/GameClient/GUI/GUICallbacks/Menus/PopupHostGame.cpp,missing-header,0,0,0,GameSpy/Peer/Peer.h
GameEngine/Source/GameClient/GUI/GUICallbacks/Menus/PopupJoinGame.cpp,missing-header,0,0,0,GameSpy/Peer/Peer.h
GameEngine/Source/GameClient/GUI/GUICallbacks/Menus/PopupLadderSelect.cpp,missing-header,0,0,0,GameSpy/Peer/Peer.h
GameEngine/Source/GameClient/GUI/GUICallbacks/Menus/PopupPlayerInfo.cpp,compile-error,0,0,0,C2065 'DIK_UPARROW' : undeclared identifier
GameEngine/Source/GameClient/GUI/GUICallbacks/Menus/PopupReplay.cpp,compile-error,0,0,0,C2065 'DIK_UPARROW' : undeclared identifier
GameEngine/Source/GameClient/GUI/GUICallbacks/Menus/PopupSaveLoad.cpp,compile-error,0,0,0,C2065 'DIK_LSHIFT' : undeclared identifier
GameEngine/Source/GameClient/GUI/GUICallbacks/Menus/QuitMenu.cpp,compile-error,0,0,0,C2065 'DIK_LSHIFT' : undeclared identifier
GameEngine/Source/GameClient/GUI/GUICallbacks/Menus/ReplayMenu.cpp,compile-error,0,0,0,C2065 'DIK_RSHIFT' : undeclared identifier
GameEngine/Source/GameClient/GUI/GUICallbacks/Menus/ScoreScreen.cpp,compile-error,0,0,0,C2065 'DIK_LSHIFT' : undeclared identifier
GameEngine/Source/GameClient/GUI/GUICallbacks/Menus/SinglePlayerMenu.cpp,compile-error,0,0,0,C2065 'DIK_LSHIFT' : undeclared identifier
GameEngine/Source/GameClient/GUI/GUICallbacks/Menus/SkirmishGameOptionsMenu.cpp,missing-header,0,0,0,netdb.h
GameEngine/Source/GameClient/GUI/GUICallbacks/Menus/SkirmishMapSelectMenu.cpp,missing-header,0,0,0,netdb.h
GameEngine/Source/GameClient/GUI/GUICallbacks/Menus/WOLBuddyOverlay.cpp,compile-error,0,0,0,C2065 'DIK_UPARROW' : undeclared identifier
GameEngine/Source/GameClient/GUI/GUICallbacks/Menus/WOLCustomScoreScreen.cpp,compile-error,0,0,0,C2065 'DIK_LSHIFT' : undeclared identifier
GameEngine/Source/GameClient/GUI/GUICallbacks/Menus/WOLGameSetupMenu.cpp,missing-header,0,0,0,netdb.h
GameEngine/Source/GameClient/GUI/GUICallbacks/Menus/WOLLadderScreen.cpp,missing-header,0,0,0,EABrowserDispatch/BrowserDispatch.h
GameEngine/Source/GameClient/GUI/GUICallbacks/Menus/WOLLobbyMenu.cpp,compile-error,0,0,0,C2065 'DIK_UPARROW' : undeclared identifier
GameEngine/Source/GameClient/GUI/GUICallbacks/Menus/WOLLocaleSelectPopup.cpp,missing-header,0,0,0,GameSpy/Peer/Peer.h
GameEngine/Source/GameClient/GUI/GUICallbacks/Menus/WOLLoginMenu.cpp,missing-header,0,0,0,GameSpy/Peer/Peer.h
GameEngine/Source/GameClient/GUI/GUICallbacks/Menus/WOLMapSelectMenu.cpp,missing-header,0,0,0,GameSpy/Peer/Peer.h
GameEngine/Source/GameClient/GUI/GUICallbacks/Menus/WOLMessageWindow.cpp,missing-header,0,0,0,netdb.h
GameEngine/Source/GameClient/GUI/GUICallbacks/Menus/WOLQMScoreScreen.cpp,compile-error,0,0,0,C2065 'DIK_LSHIFT' : undeclared identifier
GameEngine/Source/GameClient/GUI/GUICallbacks/Menus/WOLQuickMatchMenu.cpp,missing-header,0,0,0,netdb.h
GameEngine/Source/GameClient/GUI/GUICallbacks/Menus/WOLStatusMenu.cpp,compile-error,0,0,0,C2065 'DIK_LSHIFT' : undeclared identifier
GameEngine/Source/GameClient/GUI/GUICallbacks/Menus/WOLWelcomeMenu.cpp,missing-header,0,0,0,GameSpy/peer/peer.h
GameEngine/Source/GameClient/GUI/GUICallbacks/MessageBox.cpp,compile-error,0,0,0,C2065 'DIK_LSHIFT' : undeclared identifier
GameEngine/Source/GameClient/GUI/GUICallbacks/ReplayControls.cpp,ok,0,0,0,
GameEngine/Source/GameClient/GUI/Gadget/GadgetCheckBox.cpp,compile-error,0,0,0,C2065 'DIK_RSHIFT' : undeclared identifier
GameEngine/Source/GameClient/GUI/Gadget/GadgetComboBox.cpp,compile-error,0,0,0,C2065 'DIK_RSHIFT' : undeclared identifier
GameEngine/Source/GameClient/GUI/Gadget/GadgetHorizontalSlider.cpp,compile-error,0,0,0,C2065 'DIK_RSHIFT' : undeclared identifier
GameEngine/Source/GameClient/GUI/Gadget/GadgetListBox.cpp,compile-error,0,0,0,C2065 'DIK_UPARROW' : undeclared identifier
GameEngine/Source/GameClient/GUI/Gadget/GadgetProgressBar.cpp,compile-error,0,0,0,C2065 'DIK_LSHIFT' : undeclared identifier
GameEngine/Source/GameClient/GUI/Gadget/GadgetPushButton.cpp,compile-error,0,0,0,C2065 'DIK_RSHIFT' : undeclared identifier
GameEngine/Source/GameClient/GUI/Gadget/GadgetRadioButton.cpp,compile-error,0,0,0,C2065 'DIK_RSHIFT' : undeclared identifier
GameEngine/Source/GameClient/GUI/Gadget/GadgetStaticText.cpp,compile-error,0,0,0,C2065 'DIK_RSHIFT' : undeclared identifier
GameEngine/Source/GameClient/GUI/Gadget/GadgetTabControl.cpp,compile-error,0,0,0,C2065 'DIK_LSHIFT' : undeclared identifier
GameEngine/Source/GameClient/GUI/Gadget/GadgetTextEntry.cpp,compile-error,0,0,0,C2065 'DIK_RSHIFT' : undeclared identifier
GameEngine/Source/GameClient/GUI/Gadget/GadgetVerticalSlider.cpp,compile-error,0,0,0,C2065 'DIK_RSHIFT' : undeclared identifier
GameEngine/Source/GameClient/GUI/GameFont.cpp,ok,1,3,9,
GameEngine/Source/GameClient/GUI/GameWindow.cpp,compile-error,0,0,0,C2065 'DIK_LSHIFT' : undeclared identifier
GameEngine/Source/GameClient/GUI/GameWindowGlobal.cpp,compile-error,0,0,0,C2065 'DIK_RSHIFT' : undeclared identifier
GameEngine/Source/GameClient/GUI/GameWindowManager.cpp,compile-error,0,0,0,C2065 'DIK_RSHIFT' : undeclared identifier
GameEngine/Source/GameClient/GUI/GameWindowManagerScript.cpp,compile-error,0,0,0,C2065 'DIK_RSHIFT' : undeclared identifier
GameEngine/Source/GameClient/GUI/GameWindowTransitions.cpp,compile-error,0,0,0,C2065 'DIK_LSHIFT' : undeclared identifier
GameEngine/Source/GameClient/GUI/GameWindowTransitionsStyles.cpp,compile-error,0,0,0,C2065 'DIK_UPARROW' : undeclared identifier
GameEngine/Source/GameClient/GUI/HeaderTemplate.cpp,compile-error,0,0,0,C2065 'OSVERSIONINFO' : undeclared identifier
GameEngine/Source/GameClient/GUI/IMEManager.cpp,compile-error,0,0,0,C2065 'DIK_RSHIFT' : undeclared identifier
GameEngine/Source/GameClient/GUI/LoadScreen.cpp,compile-error,0,0,0,C2065 'DIK_RSHIFT' : undeclared identifier
GameEngine/Source/GameClient/GUI/ProcessAnimateWindow.cpp,compile-error,0,0,0,"C3861 'timeGetTime': identifier not found, even with argument-dependent lookup"
GameEngine/Source/GameClient/GUI/Shell/Shell.cpp,missing-header,0,0,0,GameSpy/Peer/Peer.h
GameEngine/Source/GameClient/GUI/Shell/ShellMenuScheme.cpp,compile-error,0,0,0,C2383 'Display::DebugDisplayCallback' : default-arguments are not allowed on this symbol
GameEngine/Source/GameClient/GUI/WinInstanceData.cpp,ok,1,1,6,
GameEngine/Source/GameClient/GUI/WindowLayout.cpp,compile-error,0,0,0,C2065 'DIK_LSHIFT' : undeclared identifier
GameEngine/Source/GameClient/GUI/WindowVideoManager.cpp,compile-error,0,0,0,C2383 'Display::DebugDisplayCallback' : default-arguments are not allowed on this symbol
GameEngine/Source/GameClient/GameClient.cpp,compile-error,0,0,0,C2065 'DIK_RSHIFT' : undeclared identifier
GameEngine/Source/GameClient/GameClientDispatch.cpp,ok,0,0,1,
GameEngine/Source/GameClient/GameText.cpp,compile-error,0,0,0,C2039 'SetWindowText' : is not a member of 'operator``global namespace'''
GameEngine/Source/GameClient/GlobalLanguage.cpp,compile-error,0,0,0,"C3861 'RemoveFontResource': identifier not found, even with argument-dependent lookup"
GameEngine/Source/GameClient/GraphDraw.cpp,compile-error,0,0,0,C2383 'Display::DebugDisplayCallback' : default-arguments are not allowed on this symbol
GameEngine/Source/GameClient/InGameUI.cpp,compile-error,0,0,0,C2065 'DIK_RSHIFT' : undeclared identifier
GameEngine/Source/GameClient/Input/Keyboard.cpp,compile-error,0,0,0,C2065 'DIK_RSHIFT' : undeclared identifier
GameEngine/Source/GameClient/Input/Mouse.cpp,compile-error,0,0,0,C2065 'DIK_RSHIFT' : undeclared identifier
GameEngine/Source/GameClient/LanguageFilter.cpp,ok,2,9,24,
GameEngine/Source/GameClient/Line2D.cpp,ok,0,0,1,
GameEngine/Source/GameClient/MapUtil.cpp,missing-header,0,0,0,winsock2.h
GameEngine/Source/GameClient/MessageStream/CommandXlat.cpp,compile-error,0,0,0,C2065 'DIK_RSHIFT' : undeclared identifier
GameEngine/Source/GameClient/MessageStream/GUICommandTranslator.cpp,ok,0,2,7,
GameEngine/Source/GameClient/MessageStream/HintSpy.cpp,compile-error,0,0,0,C2065 'DIK_LSHIFT' : undeclared identifier
GameEngine/Source/GameClient/MessageStream/HotKey.cpp,compile-error,0,0,0,C2065 'DIK_LSHIFT' : undeclared identifier
GameEngine/Source/GameClient/MessageStream/LookAtXlat.cpp,compile-error,0,0,0,C2065 'DIK_RSHIFT' : undeclared identifier
GameEngine/Source/GameClient/MessageStream/MetaEvent.cpp,compile-error,0,0,0,C2065 'DIK_LSHIFT' : undeclared identifier
GameEngine/Source/GameClient/MessageStream/PlaceEventTranslator.cpp,compile-error,0,0,0,C2668 'sqrt' : ambiguous call to overloaded function
GameEngine/Source/GameClient/MessageStream/SelectionXlat.cpp,compile-error,0,0,0,C2065 'DIK_RSHIFT' : undeclared identifier
GameEngine/Source/GameClient/MessageStream/WindowXlat.cpp,compile-error,0,0,0,C2065 'DIK_UPARROW' : undeclared identifier
GameEngine/Source/GameClient/RadiusDecal.cpp,ok,0,0,15,
GameEngine/Source/GameClient/SelectionInfo.cpp,compile-error,0,0,0,C2065 'DIK_LSHIFT' : undeclared identifier
GameEngine/Source/GameClient/System/Anim2D.cpp,compile-error,0,0,0,C2383 'Display::DebugDisplayCallback' : default-arguments are not allowed on this symbol
GameEngine/Source/GameClient/System/CampaignManager.cpp,ok,2,1,55,
GameEngine/Source/GameClient/System/Debug Displayers/AudioDebugDisplay.cpp,ok,0,0,0,
GameEngine/Source/GameClient/System/DebugDisplay.cpp,ok,0,2,3,
GameEngine/Source/GameClient/System/Image.cpp,ok,2,10,28,
GameEngine/Source/GameClient/System/ParticleSys.cpp,compile-error,0,0,0,C2383 'Display::DebugDisplayCallback' : default-arguments are not allowed on this symbol
GameEngine/Source/GameClient/System/RayEffect.cpp,ok,0,1,1,
GameEngine/Source/GameClient/System/Smudge.cpp,ok,2,9,26,
GameEngine/Source/GameClient/Terrain/TerrainRoads.cpp,ok,1,1,43,
GameEngine/Source/GameClient/Terrain/TerrainVisual.cpp,compile-error,0,0,0,C2668 'sqrt' : ambiguous call to overloaded function
GameEngine/Source/GameClient/VideoPlayer.cpp,ok,3,15,33,
GameEngine/Source/GameClient/VideoStream.cpp,compile-error,0,0,0,"C2084 function 'void *operator new[](size_t,void *)' already has a body"
